ParticipantID,TrialTime
1,1.057726
1,1.142025
1,0.8199697
1,0.8468318
1,0.8360348
1,1.292185
1,1.719151
1,0.9487619
1,1.006326
1,1.010916
