ParticipantID,TrialTime
5,1.039072
5,0.7444773
5,0.6134739
5,0.7255917
5,0.7557154
5,0.8259258
5,0.7686939
5,0.662446
5,0.8253059
5,0.8174105
