ParticipantID,TrialTime
3,2.377344
3,1.290213
3,0.6461418
3,1.05184
3,0.5005736
3,0.5533257
3,0.6316705
3,0.5437598
3,0.4339118
3,0.7212429
