ParticipantID,TrialTime
1,1.444365
1,0.9211874
1,1.071995
1,0.9868665
1,1.170172
1,0.8059826
1,1.326858
1,0.8255835
1,0.9712324
1,0.9950247
